config,strategy,rrf_k,depth,candidate_recall,query_hit_rate,lost_positive_count,mean_returned_candidates
rrf_k10_top50,rrf,10,50,0.902262443438914,0.902262443438914,216,50.0
rrf_k10_top100,rrf,10,100,0.9248868778280543,0.9248868778280543,166,100.0
rrf_k10_top150,rrf,10,150,0.9420814479638009,0.9420814479638009,128,149.68280542986426
rrf_k10_top200,rrf,10,200,0.9452488687782805,0.9452488687782805,121,173.3266968325792
rrf_k20_top50,rrf,20,50,0.9027149321266968,0.9027149321266968,215,50.0
rrf_k20_top100,rrf,20,100,0.9248868778280543,0.9248868778280543,166,100.0
rrf_k20_top150,rrf,20,150,0.9420814479638009,0.9420814479638009,128,149.68280542986426
rrf_k20_top200,rrf,20,200,0.9452488687782805,0.9452488687782805,121,173.3266968325792
rrf_k40_top50,rrf,40,50,0.9031674208144796,0.9031674208144796,214,50.0
rrf_k40_top100,rrf,40,100,0.9248868778280543,0.9248868778280543,166,100.0
rrf_k40_top150,rrf,40,150,0.9420814479638009,0.9420814479638009,128,149.68280542986426
rrf_k40_top200,rrf,40,200,0.9452488687782805,0.9452488687782805,121,173.3266968325792
rrf_k60_top50,rrf,60,50,0.902262443438914,0.902262443438914,216,50.0
rrf_k60_top100,rrf,60,100,0.9248868778280543,0.9248868778280543,166,100.0
rrf_k60_top150,rrf,60,150,0.9420814479638009,0.9420814479638009,128,149.68280542986426
rrf_k60_top200,rrf,60,200,0.9452488687782805,0.9452488687782805,121,173.3266968325792
rrf_k80_top50,rrf,80,50,0.9027149321266968,0.9027149321266968,215,50.0
rrf_k80_top100,rrf,80,100,0.9248868778280543,0.9248868778280543,166,100.0
rrf_k80_top150,rrf,80,150,0.9420814479638009,0.9420814479638009,128,149.68280542986426
rrf_k80_top200,rrf,80,200,0.9452488687782805,0.9452488687782805,121,173.3266968325792
rrf_k100_top50,rrf,100,50,0.9027149321266968,0.9027149321266968,215,50.0
rrf_k100_top100,rrf,100,100,0.9248868778280543,0.9248868778280543,166,100.0
rrf_k100_top150,rrf,100,150,0.9420814479638009,0.9420814479638009,128,149.68280542986426
rrf_k100_top200,rrf,100,200,0.9452488687782805,0.9452488687782805,121,173.3266968325792
