config,strategy,rrf_k,depth,candidate_recall,query_hit_rate,lost_positive_count,mean_returned_candidates,bm25_weight,dense_weight
rrf_k10_top50,rrf,10,50,0.902262443438914,0.902262443438914,216,50.0,,
rrf_k10_top100,rrf,10,100,0.9248868778280543,0.9248868778280543,166,100.0,,
rrf_k10_top150,rrf,10,150,0.9420814479638009,0.9420814479638009,128,149.68280542986426,,
rrf_k10_top200,rrf,10,200,0.9452488687782805,0.9452488687782805,121,173.3266968325792,,
rrf_k20_top50,rrf,20,50,0.9027149321266968,0.9027149321266968,215,50.0,,
rrf_k20_top100,rrf,20,100,0.9248868778280543,0.9248868778280543,166,100.0,,
rrf_k20_top150,rrf,20,150,0.9420814479638009,0.9420814479638009,128,149.68280542986426,,
rrf_k20_top200,rrf,20,200,0.9452488687782805,0.9452488687782805,121,173.3266968325792,,
rrf_k40_top50,rrf,40,50,0.9031674208144796,0.9031674208144796,214,50.0,,
rrf_k40_top100,rrf,40,100,0.9248868778280543,0.9248868778280543,166,100.0,,
rrf_k40_top150,rrf,40,150,0.9420814479638009,0.9420814479638009,128,149.68280542986426,,
rrf_k40_top200,rrf,40,200,0.9452488687782805,0.9452488687782805,121,173.3266968325792,,
rrf_k60_top50,rrf,60,50,0.902262443438914,0.902262443438914,216,50.0,,
rrf_k60_top100,rrf,60,100,0.9248868778280543,0.9248868778280543,166,100.0,,
rrf_k60_top150,rrf,60,150,0.9420814479638009,0.9420814479638009,128,149.68280542986426,,
rrf_k60_top200,rrf,60,200,0.9452488687782805,0.9452488687782805,121,173.3266968325792,,
rrf_k80_top50,rrf,80,50,0.9027149321266968,0.9027149321266968,215,50.0,,
rrf_k80_top100,rrf,80,100,0.9248868778280543,0.9248868778280543,166,100.0,,
rrf_k80_top150,rrf,80,150,0.9420814479638009,0.9420814479638009,128,149.68280542986426,,
rrf_k80_top200,rrf,80,200,0.9452488687782805,0.9452488687782805,121,173.3266968325792,,
rrf_k100_top50,rrf,100,50,0.9027149321266968,0.9027149321266968,215,50.0,,
rrf_k100_top100,rrf,100,100,0.9248868778280543,0.9248868778280543,166,100.0,,
rrf_k100_top150,rrf,100,150,0.9420814479638009,0.9420814479638009,128,149.68280542986426,,
rrf_k100_top200,rrf,100,200,0.9452488687782805,0.9452488687782805,121,173.3266968325792,,
weighted_rrf_bm0.00_de50,weighted_rrf,60,50,0.8891402714932126,0.8891402714932126,245,50.0,0.0,1.0
weighted_rrf_bm0.00_de100,weighted_rrf,60,100,0.9221719457013575,0.9221719457013575,172,100.0,0.0,1.0
weighted_rrf_bm0.00_de150,weighted_rrf,60,150,0.9221719457013575,0.9221719457013575,172,100.0,0.0,1.0
weighted_rrf_bm0.00_de200,weighted_rrf,60,200,0.9221719457013575,0.9221719457013575,172,100.0,0.0,1.0
weighted_rrf_bm0.25_de50,weighted_rrf,60,50,0.9,0.9,221,50.0,0.25,0.75
weighted_rrf_bm0.25_de100,weighted_rrf,60,100,0.9221719457013575,0.9221719457013575,172,100.0,0.25,0.75
weighted_rrf_bm0.25_de150,weighted_rrf,60,150,0.9416289592760181,0.9416289592760181,129,149.68280542986426,0.25,0.75
weighted_rrf_bm0.25_de200,weighted_rrf,60,200,0.9452488687782805,0.9452488687782805,121,173.3266968325792,0.25,0.75
weighted_rrf_bm0.50_de50,weighted_rrf,60,50,0.902262443438914,0.902262443438914,216,50.0,0.5,0.5
weighted_rrf_bm0.50_de100,weighted_rrf,60,100,0.9248868778280543,0.9248868778280543,166,100.0,0.5,0.5
weighted_rrf_bm0.50_de150,weighted_rrf,60,150,0.9420814479638009,0.9420814479638009,128,149.68280542986426,0.5,0.5
weighted_rrf_bm0.50_de200,weighted_rrf,60,200,0.9452488687782805,0.9452488687782805,121,173.3266968325792,0.5,0.5
weighted_rrf_bm0.75_de50,weighted_rrf,60,50,0.8742081447963801,0.8742081447963801,278,50.0,0.75,0.25
weighted_rrf_bm0.75_de100,weighted_rrf,60,100,0.883710407239819,0.883710407239819,257,100.0,0.75,0.25
weighted_rrf_bm0.75_de150,weighted_rrf,60,150,0.9375565610859729,0.9375565610859729,138,149.68280542986426,0.75,0.25
weighted_rrf_bm0.75_de200,weighted_rrf,60,200,0.9452488687782805,0.9452488687782805,121,173.3266968325792,0.75,0.25
weighted_rrf_bm1.00_de50,weighted_rrf,60,50,0.8497737556561086,0.8497737556561086,332,50.0,1.0,0.0
weighted_rrf_bm1.00_de100,weighted_rrf,60,100,0.883710407239819,0.883710407239819,257,100.0,1.0,0.0
weighted_rrf_bm1.00_de150,weighted_rrf,60,150,0.883710407239819,0.883710407239819,257,100.0,1.0,0.0
weighted_rrf_bm1.00_de200,weighted_rrf,60,200,0.883710407239819,0.883710407239819,257,100.0,1.0,0.0
union_min_rank_top50,union_min_rank_then_rank_sum,,50,0.9018099547511312,0.9018099547511312,217,50.0,,
union_min_rank_top100,union_min_rank_then_rank_sum,,100,0.9253393665158371,0.9253393665158371,165,100.0,,
union_min_rank_top150,union_min_rank_then_rank_sum,,150,0.9420814479638009,0.9420814479638009,128,149.68280542986426,,
union_min_rank_top200,union_min_rank_then_rank_sum,,200,0.9452488687782805,0.9452488687782805,121,173.3266968325792,,
