query_id,query,gold_chunk,gold_doc,bm25_rank,dense_rank,rrf_rank,source_coverage,error_class,topic,unknown_beyond_cache_depth,cache_depth
drug_9499,Dalfusin nên được bảo quản ở đâu?,ctx_99d236fe185cc6f5b1272e21,doc_65ea29747be083c84f018a45,,,,neither_in_cache,BOTH_MISS,2,True,"{""bm25"": 100, ""dense"": 100, ""hybrid"": 100}"
drug_3063,Điều gì nên làm nếu quên dùng một liều Appeton Lysine Syrup?,ctx_99964cfe8a80f304363072d3,doc_817356a5ab1804245744b90d,,60,,dense_only,DENSE_ONLY_HIT,2,True,"{""bm25"": 100, ""dense"": 100, ""hybrid"": 100}"
drug_6207,Không dùng BoniDiabet không khi nào?,ctx_a6316ad1e1153dc3690f15fb,doc_219fd5769b463f729daaa49d,,,,neither_in_cache,BOTH_MISS,2,True,"{""bm25"": 100, ""dense"": 100, ""hybrid"": 100}"
drug_5561,Khi dùng Betaserc có thể gây tương tác với nhóm thuốc nào?,ctx_f1fd4e5a95f4478c48bad62c,doc_4485e7be2f9e0f78bf445a9e,,,,neither_in_cache,BOTH_MISS,2,True,"{""bm25"": 100, ""dense"": 100, ""hybrid"": 100}"
drug_3038,Phụ nữ cho con bú có thể sử dụng thuốc Apitim không?,ctx_5fe0f561473b79379a9a938d,doc_d46931d16f62d5a98a0be9b5,,,,neither_in_cache,BOTH_MISS,2,True,"{""bm25"": 100, ""dense"": 100, ""hybrid"": 100}"
drug_6950,"Trong dầu Cao Sao Vàng, thành phần nào có hàm lượng cao nhất?",ctx_f5615a23b3e5964071b836b3,doc_e879551eb834d0b5ff0b4112,,92,,dense_only,DENSE_ONLY_HIT,2,True,"{""bm25"": 100, ""dense"": 100, ""hybrid"": 100}"
drug_3687,Nên làm gì khi bị quá liều Atiliver?,ctx_0d86cd5c834f0a71dbde72ea,doc_183e80ccbfd4a30c71185874,,,,neither_in_cache,BOTH_MISS,2,True,"{""bm25"": 100, ""dense"": 100, ""hybrid"": 100}"
drug_9199,Tôi có thể dùng thuốc Coversyl nếu tôi có tiền sử phản vệ không?,ctx_9a41647cd7584886f98a5c68,doc_5f71fe70b8ff8060371950fc,53,,,bm25_only,BM25_ONLY_HIT,2,True,"{""bm25"": 100, ""dense"": 100, ""hybrid"": 100}"
drug_7374,Các triệu chứng khi dùng quá liều thuốc Cedipect F là gì?,ctx_7c3117a7e53e38f9d9816977,doc_70544172d6a331b9a0f3044a,,65,,dense_only,DENSE_ONLY_HIT,2,True,"{""bm25"": 100, ""dense"": 100, ""hybrid"": 100}"
drug_4462,Có biện pháp bảo vệ nào khi sử dụng Azanex để đảm bảo an toàn cho trẻ không?,ctx_a83aea7bb9ff8f51f2712745,doc_6aea43c9adee86dd5ff86ef4,,,,neither_in_cache,BOTH_MISS,2,True,"{""bm25"": 100, ""dense"": 100, ""hybrid"": 100}"
drug_85,A.T.P dùng bằng đường nào?,ctx_86752b4362f03303239e0344,doc_7d7048fa4501da9d4addffd3,,76,,dense_only,DENSE_ONLY_HIT,2,True,"{""bm25"": 100, ""dense"": 100, ""hybrid"": 100}"
drug_2260,Trong trường hợp nào Amiodarone được dùng hỗ trợ điều trị?,ctx_ff87d495fc8745d3e51509d9,doc_304c58f70c365d8ec1414985,,,,neither_in_cache,BOTH_MISS,2,True,"{""bm25"": 100, ""dense"": 100, ""hybrid"": 100}"
drug_3910,Hoạt chất chính trong thuốc Atussin là gì?,ctx_7f2e162cec24318771820a9e,doc_ee1a88f1112268b4644f8055,,,,neither_in_cache,BOTH_MISS,2,True,"{""bm25"": 100, ""dense"": 100, ""hybrid"": 100}"
drug_9193,Người bị hẹp van động mạch chủ và van hai lá/ bệnh phì đại cơ tim cần lưu ý gì khi sử dụng thuốc hạ huyết áp Coversyl?,ctx_ec34d705cb34b6683e631172,doc_5f71fe70b8ff8060371950fc,,,,neither_in_cache,BOTH_MISS,2,True,"{""bm25"": 100, ""dense"": 100, ""hybrid"": 100}"
drug_6157,Cần lưu ý gì khi sử dụng Bofit F?,ctx_f340b1082b85d33edf806d87,doc_8cacd2861770c38303a19df7,,,,neither_in_cache,BOTH_MISS,2,True,"{""bm25"": 100, ""dense"": 100, ""hybrid"": 100}"
drug_5544,Bạn tuyệt đối không nên làm gì khi quên một liều Betamethasone?,ctx_6d027cf4268f79b62a1a5f25,doc_2bdf1755527f3b61a11d61cb,,57,,dense_only,DENSE_ONLY_HIT,2,True,"{""bm25"": 100, ""dense"": 100, ""hybrid"": 100}"
drug_8686,"Tại sao cần tránh uống bia, rượu khi dùng thuốc Co-Diovan (valsartan, hydrochlorothiazide)?",ctx_151b30e3f16463f83f164dec,doc_58d56e2b07a8afeb3b263797,,58,,dense_only,DENSE_ONLY_HIT,2,True,"{""bm25"": 100, ""dense"": 100, ""hybrid"": 100}"
drug_7751,Nên tiến hành biện pháp nào khi dùng quá liều thuốc Celecoxib?,ctx_fa8511f4947e26e376078df6,doc_1a9ccc5f14e878ec652b8358,,,,neither_in_cache,BOTH_MISS,2,True,"{""bm25"": 100, ""dense"": 100, ""hybrid"": 100}"
drug_809,"Nếu tôi quên uống một liều Acyclovir Stella 400 mg, tôi nên làm gì?",ctx_658c3e624ad700efc83652ab,doc_45ba59fce256dcda40f400ed,,83,,dense_only,DENSE_ONLY_HIT,2,True,"{""bm25"": 100, ""dense"": 100, ""hybrid"": 100}"
drug_7433,"Trong trường hợp quên liều Cefaclor, điều đầu tiên cần làm là gì?",ctx_f2fcfa6bd0239601b522051f,doc_ff60c710202e8ab1b16292e3,,78,,dense_only,DENSE_ONLY_HIT,2,True,"{""bm25"": 100, ""dense"": 100, ""hybrid"": 100}"
drug_5137,Thời gian tối đa được khuyến cáo khi dùng Benate Fort Ointment là bao lâu?,ctx_7c6867165ca845007fe1f0bf,doc_cb1bc7e5f6b255bcb70c7620,,,,neither_in_cache,BOTH_MISS,2,True,"{""bm25"": 100, ""dense"": 100, ""hybrid"": 100}"
drug_8418,Làm thế nào để sử dụng thuốc Claminat?,ctx_a0c9415c77d1c85cb6879e99,doc_cc2beb0a93623509c13a42e1,,,,neither_in_cache,BOTH_MISS,2,True,"{""bm25"": 100, ""dense"": 100, ""hybrid"": 100}"
drug_227,Thuốc Acarbose có công dụng chính là gì?,ctx_de983e8184d21475cbcc5391,doc_e85baeadce7c2f830e6934bc,,,,neither_in_cache,BOTH_MISS,2,True,"{""bm25"": 100, ""dense"": 100, ""hybrid"": 100}"
drug_7,Thuốc 3B Medi giúp cải thiện những tình trạng nào?,ctx_275cd9a7fb871aa177a0209d,doc_0ebd8c2a72d834e15acf2c9a,,,,neither_in_cache,BOTH_MISS,2,True,"{""bm25"": 100, ""dense"": 100, ""hybrid"": 100}"
drug_6757,Thuốc Calcigenol có thể dùng để phòng ngừa bệnh gì?,ctx_7673e8d7baf537438c684d8d,doc_5daf5bb5675c9524ebac550c,,,,neither_in_cache,BOTH_MISS,2,True,"{""bm25"": 100, ""dense"": 100, ""hybrid"": 100}"
drug_8198,"Khi dùng quá liều thuốc Cialis (tadalafil), quá trình dùng thuốc được diễn ra như thế nào?",ctx_13808a257dbab0c59f1437e1,doc_0fe9a9f6804892e2b382511a,,,,neither_in_cache,BOTH_MISS,2,True,"{""bm25"": 100, ""dense"": 100, ""hybrid"": 100}"
drug_6886,Theo đường nào thuốc Candesartan được sử dụng?,ctx_4747c6d3dc761aa2bc6ca90c,doc_ab797aa3c347dbe2ae942890,,,,neither_in_cache,BOTH_MISS,2,True,"{""bm25"": 100, ""dense"": 100, ""hybrid"": 100}"
drug_4251,Trong trường hợp nào cần thận trọng khi sử dụng Avastin?,ctx_e1e747e27def247bc2c6c391,doc_759606824c891255fc73948a,,,,neither_in_cache,BOTH_MISS,2,True,"{""bm25"": 100, ""dense"": 100, ""hybrid"": 100}"
drug_4629,Khi sử dụng thuốc Bactroban cần lưu ý những gì?,ctx_629706c4ed709a2e1b189d1c,doc_f3199866dd6a59fe42ced86b,,,,neither_in_cache,BOTH_MISS,2,True,"{""bm25"": 100, ""dense"": 100, ""hybrid"": 100}"
drug_1287,Có tác dụng phụ nào của Aibezym được ghi nhận ở phụ nữ có thai và mẹ cho con bú không?,ctx_a9cc88bc962a6a5bb9d2edaa,doc_28cc50d6019b49a9ef3377ea,,,,neither_in_cache,BOTH_MISS,2,True,"{""bm25"": 100, ""dense"": 100, ""hybrid"": 100}"
drug_6327,Có thể làm gì nếu tôi quên một liều thuốc Bricanyl?,ctx_2ded247b436ba667d2adfa83,doc_36205564218c021501d00c2e,,,,neither_in_cache,BOTH_MISS,2,True,"{""bm25"": 100, ""dense"": 100, ""hybrid"": 100}"
drug_7017,Khi sử dụng Captopril kết hợp với Allopurinol có gây tương tác thuốc không?,ctx_267b54ba2b14dddf6c6dcb6d,doc_92e74d50921d9690b06d4e86,,,,neither_in_cache,BOTH_MISS,2,True,"{""bm25"": 100, ""dense"": 100, ""hybrid"": 100}"
drug_6912,Làm cách nào để sử dụng Canditral?,ctx_097e5b3b1892bd7e007b74a4,doc_bbb091f2f52b62d02a9609f1,,,,neither_in_cache,BOTH_MISS,2,True,"{""bm25"": 100, ""dense"": 100, ""hybrid"": 100}"
drug_9521,Davibest được sử dụng theo cách nào?,ctx_ed4f6f89c0f43ac576987538,doc_203ea8c7c7ac710a6e799e75,,,,neither_in_cache,BOTH_MISS,2,True,"{""bm25"": 100, ""dense"": 100, ""hybrid"": 100}"
drug_9220,Trong trường hợp nào cần thận trọng khi sử dụng Cozaar (losartan)?,ctx_12d612046d281e8faed068cb,doc_2ddc8dbf49398cc741f9c65d,,,,neither_in_cache,BOTH_MISS,2,True,"{""bm25"": 100, ""dense"": 100, ""hybrid"": 100}"
drug_3977,Thuốc Audocals có gây ra khó tiêu không?,ctx_fa783ed28998a3e74700efbb,doc_31d7bd24c3c8c43ed86e52e6,,,,neither_in_cache,BOTH_MISS,2,True,"{""bm25"": 100, ""dense"": 100, ""hybrid"": 100}"
drug_4317,"Tôi là phụ nữ, tôi có nên sử dụng thuốc Avodart không?",ctx_be7a7767857c40a89dedbb85,doc_9a03751147754be981cb1c9d,,,,neither_in_cache,BOTH_MISS,2,True,"{""bm25"": 100, ""dense"": 100, ""hybrid"": 100}"
drug_9014,Tác đụng của 1.2 trong Cosele là: ?,ctx_6e7fb86656f6e5cbf15605b2,doc_47879fda5a6298f13203f878,,,,neither_in_cache,BOTH_MISS,2,True,"{""bm25"": 100, ""dense"": 100, ""hybrid"": 100}"
drug_478,Aciclovir dùng để điều trị nhiễm trùng nào?,ctx_b501d9f645331d344d5ba017,doc_93f6cd2b4fec936c9f66ccde,,,,neither_in_cache,BOTH_MISS,2,True,"{""bm25"": 100, ""dense"": 100, ""hybrid"": 100}"
drug_491,Khi quá liều Aciclovir cần xử trí như thế nào?,ctx_1314b33f91ac1a931990512b,doc_93f6cd2b4fec936c9f66ccde,,,,neither_in_cache,BOTH_MISS,2,True,"{""bm25"": 100, ""dense"": 100, ""hybrid"": 100}"
drug_8581,Thuốc Clorpheniramin có các hàm lượng nào?,ctx_9d9956835ace707ed6a3f177,doc_8208c2d23fca33e94a6ba150,94,,,bm25_only,BM25_ONLY_HIT,2,True,"{""bm25"": 100, ""dense"": 100, ""hybrid"": 100}"
drug_2817,Có nghiên cứu nào về tác động của thuốc Anaferon đối với người lái tàu xe hay vận hành máy móc không?,ctx_8668a8c2b6c2abe6e02a8c99,doc_42cc095d6c726f9235d0ac4a,,,,neither_in_cache,BOTH_MISS,2,True,"{""bm25"": 100, ""dense"": 100, ""hybrid"": 100}"
drug_2827,Các tác dụng phụ có thể xảy ra khi sử dụng Anapa là gì?,ctx_c8ae98baae87971d0ec94dc9,doc_98e18ec808d9b4b2492c9191,,,,neither_in_cache,BOTH_MISS,2,True,"{""bm25"": 100, ""dense"": 100, ""hybrid"": 100}"
drug_8580,Clorpheniramin có dạng bào chế nào?,ctx_9d9956835ace707ed6a3f177,doc_8208c2d23fca33e94a6ba150,,,,neither_in_cache,BOTH_MISS,2,True,"{""bm25"": 100, ""dense"": 100, ""hybrid"": 100}"
drug_8775,Cách xử trí được thực hiện khi dùng quá liều dextromethorphan1 của Coldko là gì?,ctx_7eed2fbb662aec10055d621a,doc_44594a321e3bfbe2a124e476,,,,neither_in_cache,BOTH_MISS,2,True,"{""bm25"": 100, ""dense"": 100, ""hybrid"": 100}"
drug_2778,Anaferon Materia là thuốc gì?,ctx_2d77d95f7dd3b849f56e8142,doc_515e9fedb7acf84476cbff88,,58,,dense_only,DENSE_ONLY_HIT,2,True,"{""bm25"": 100, ""dense"": 100, ""hybrid"": 100}"
drug_2754,Trong những trường hợp nào An Cung Ngưu Hoàng Hoàn được sử dụng?,ctx_9f5b2a82bdeec132f8860e80,doc_131b3e12127442d1c9243771,,76,,dense_only,DENSE_ONLY_HIT,2,True,"{""bm25"": 100, ""dense"": 100, ""hybrid"": 100}"
drug_6096,Bixicam là loại thuốc gì?,ctx_e0ddbae6e52ffe7aa3959975,doc_dbc23c2a2333d9babf2f7806,,,,neither_in_cache,BOTH_MISS,2,True,"{""bm25"": 100, ""dense"": 100, ""hybrid"": 100}"
drug_432,Khi dùng thuốc Acetazolamid có thể gây ra tình trạng gì?,ctx_1974bda82cec3f4588961dcc,doc_8df8cf08994011af0edbb16c,,,,neither_in_cache,BOTH_MISS,2,True,"{""bm25"": 100, ""dense"": 100, ""hybrid"": 100}"
drug_2836,Những đối tượng nào chống chỉ định dùng Anapa?,ctx_bfde0a99ba21ffbe32287142,doc_98e18ec808d9b4b2492c9191,,,,neither_in_cache,BOTH_MISS,2,True,"{""bm25"": 100, ""dense"": 100, ""hybrid"": 100}"
drug_8310,Điều kiện nhiệt độ để bảo quản Cimetidine MKP là gì?,ctx_f951138c58451c0d656f336a,doc_9be39bb152ed2eb72720c4f6,,,,neither_in_cache,BOTH_MISS,2,True,"{""bm25"": 100, ""dense"": 100, ""hybrid"": 100}"
drug_3249,Sử dụng liều cao thuốc Artrodar có thể gây ra tình trạng nào?,ctx_0b944c24cd92401175e0819e,doc_492c9fc22a64ff6b57ea98bd,,,,neither_in_cache,BOTH_MISS,2,True,"{""bm25"": 100, ""dense"": 100, ""hybrid"": 100}"
drug_7733,Thuốc Celecoxib (Celebrex) có thể gây ra các vấn đề về tiêu hoá nào?,ctx_cf24ff4d540c508686fc5ac3,doc_1a9ccc5f14e878ec652b8358,,71,,dense_only,DENSE_ONLY_HIT,2,True,"{""bm25"": 100, ""dense"": 100, ""hybrid"": 100}"
drug_7300,Thuốc Cavinton có gây ra những tác dụng phụ nào liên quan đến hệ tiêu hóa?,ctx_e26a60d4d4fac6c5915e2b88,doc_1d1f8ac3bd8f8c61e73a986d,,,,neither_in_cache,BOTH_MISS,2,True,"{""bm25"": 100, ""dense"": 100, ""hybrid"": 100}"
drug_1795,Alputine 80mg nên được bảo quản như thế nào để tránh các tác động xấu đến chất lượng thuốc?,ctx_fba8aa9bbab20b91f5662ebb,doc_1b31b2ed542bbac01fd5ee03,,53,,dense_only,DENSE_ONLY_HIT,2,True,"{""bm25"": 100, ""dense"": 100, ""hybrid"": 100}"
drug_3221,Liều thuốc Artreil có thể chồng lên hay không?,ctx_19e356dba8179e34d0edfe27,doc_ab00b8183937fa4cbf5192a0,,,,neither_in_cache,BOTH_MISS,2,True,"{""bm25"": 100, ""dense"": 100, ""hybrid"": 100}"
drug_9237,"Khi dùng thuốc Cravit, điều gì cần lưu ý?",ctx_be88a63d5a61b14fa66d8f52,doc_c206f5182a8840e423a6e8f0,,,,neither_in_cache,BOTH_MISS,2,True,"{""bm25"": 100, ""dense"": 100, ""hybrid"": 100}"
drug_3036,Phụ nữ mang thai có được sử dụng thuốc Apitim không?,ctx_5fe0f561473b79379a9a938d,doc_d46931d16f62d5a98a0be9b5,,,,neither_in_cache,BOTH_MISS,2,True,"{""bm25"": 100, ""dense"": 100, ""hybrid"": 100}"
drug_4678,Liều lượng thuốc Baby Septol là bao nhiêu đối với trẻ từ 2-6 tháng tuổi?,ctx_8aca3b99c6a9812cd6dc14c3,doc_66ce1791093ffad2226472c9,,81,,dense_only,DENSE_ONLY_HIT,2,True,"{""bm25"": 100, ""dense"": 100, ""hybrid"": 100}"
drug_9634,Phản ứng quá mẫn có thể xảy ra khi dùng thuốc methylprednisolone (Depo-Medrol) không?,ctx_d6e7d411648fd8ea7dafc710,doc_a1b828f2ed9457f110eaa58e,,,,neither_in_cache,BOTH_MISS,2,True,"{""bm25"": 100, ""dense"": 100, ""hybrid"": 100}"
drug_5690,Nên thực hiện điều gì trước khi sử dụng thuốc Bibonlax?,ctx_b02d38fa9a189f27c3e046c0,doc_5e014db2d16c3ddc9f73a981,,,,neither_in_cache,BOTH_MISS,2,True,"{""bm25"": 100, ""dense"": 100, ""hybrid"": 100}"
drug_8435,Điều nên làm ngay lập tức khi phát hiện dùng quá liều thuốc Claminat là gì?,ctx_14ff370aa25be934ecdf0ec8,doc_cc2beb0a93623509c13a42e1,86,,,bm25_only,BM25_ONLY_HIT,2,True,"{""bm25"": 100, ""dense"": 100, ""hybrid"": 100}"
drug_3681,Trong những trường hợp nào thì không được sử dụng Atiliver?,ctx_5edda3d8765205e930f37f84,doc_183e80ccbfd4a30c71185874,,,,neither_in_cache,BOTH_MISS,2,True,"{""bm25"": 100, ""dense"": 100, ""hybrid"": 100}"
drug_8695,"Khi gặp những triệu chứng của tác dụng phụ nguy hiểm do thuốc Co-Diovan (valsartan, hydrochlorothiazide), bạn nên làm gì?",ctx_734c081734a482c78256cd31,doc_58d56e2b07a8afeb3b263797,,,,neither_in_cache,BOTH_MISS,2,True,"{""bm25"": 100, ""dense"": 100, ""hybrid"": 100}"
drug_2213,Nôn là tác dụng phụ thường hay ít gặp khi dùng Amilavil?,ctx_4727f420841fa424be8c1342,doc_f0086dadfe67bc5bbba31701,,96,,dense_only,DENSE_ONLY_HIT,2,True,"{""bm25"": 100, ""dense"": 100, ""hybrid"": 100}"
drug_35,Nếu thời điểm quên dùng gần với liều thuốc tiếp theo thì nên xử lý như thế nào?,ctx_f0898ba9cc50f2578743ec42,doc_2432acce799852336d87c434,,,,neither_in_cache,BOTH_MISS,2,True,"{""bm25"": 100, ""dense"": 100, ""hybrid"": 100}"
drug_7708,"Ngoài sốt, còn có thể biểu hiện thêm những phản ứng phụ nào khi sử dụng thuốc Cefuroxim?",ctx_815b4a3e0e98fed05742262a,doc_1fc6315682a5eb531b781b72,,,,neither_in_cache,BOTH_MISS,2,True,"{""bm25"": 100, ""dense"": 100, ""hybrid"": 100}"
drug_95,Khi nào cần thông báo cho bác sĩ khi dùng thuốc A.T.P?,ctx_758d6b1244452a612b9acf14,doc_7d7048fa4501da9d4addffd3,,93,,dense_only,DENSE_ONLY_HIT,2,True,"{""bm25"": 100, ""dense"": 100, ""hybrid"": 100}"
drug_901,Bác sĩ thường đưa ra lời khuyên như thế nào cho những bệnh nhân đang sử dụng thuốc Adalat LA 20mg?,ctx_7a6c5ad0f6e960c88258fe68,doc_1e84174108b3fa6599000bcf,,,,neither_in_cache,BOTH_MISS,2,True,"{""bm25"": 100, ""dense"": 100, ""hybrid"": 100}"
drug_5099,Điều kiện bảo quản Belaf có gì cần lưu ý?,ctx_6b98d98d06a6bd258bd92117,doc_cce3e0fa8009b4ac854f89f2,,,,neither_in_cache,BOTH_MISS,2,True,"{""bm25"": 100, ""dense"": 100, ""hybrid"": 100}"
drug_8398,Đối tượng dùng thuốc citicoline cần chú trọng vấn đề liều dùng không?,ctx_9dd2df4cea6d2e3e8d3a9e20,doc_5eccc65e10536cf6b3988436,,65,,dense_only,DENSE_ONLY_HIT,2,True,"{""bm25"": 100, ""dense"": 100, ""hybrid"": 100}"
medicine_1576,"Ngoài các chất hóa học trên, còn có những thành phần nào khác trong Chè vằng?",ctx_26c758d14e92e6d364152cdd,doc_479952c39272557de83a68f0,,,,neither_in_cache,BOTH_MISS,3,True,"{""bm25"": 100, ""dense"": 100, ""hybrid"": 100}"
medicine_3632,Tác dụng giảm đau của củ Gấu tàu là gì?,ctx_8ffc0153b658eb03307cfa92,doc_7eaf74aa233222a22e0e61d7,,,,neither_in_cache,BOTH_MISS,3,True,"{""bm25"": 100, ""dense"": 100, ""hybrid"": 100}"
medicine_4154,Cách sử dụng bài thuốc có cây Dướng?,ctx_e14a75ab4c8c10d31eb31062,doc_ee5a1e70ac0d76c769080bc9,67,,,bm25_only,BM25_ONLY_HIT,3,True,"{""bm25"": 100, ""dense"": 100, ""hybrid"": 100}"
medicine_8238,"Theo Y học cổ truyền, Ngưu bàng tử có tác dụng gì?",ctx_0c9e59bdeeeec4675014631d,doc_0a4a7be2cc295179671103ec,,,,neither_in_cache,BOTH_MISS,3,True,"{""bm25"": 100, ""dense"": 100, ""hybrid"": 100}"
medicine_2297,Trong khoảng thời gian nào cây La rừng ra hoa và fruiting?,ctx_8e1f0c6c2c1e818b43b0fc3d,doc_c79f73cd60c0fe191b30e28a,,78,,dense_only,DENSE_ONLY_HIT,3,True,"{""bm25"": 100, ""dense"": 100, ""hybrid"": 100}"
medicine_6762,Lá tre thường được trồng ở đâu?,ctx_99b3818abd60b86c3cd30cec,doc_380101b22af345738f5308e3,,,,neither_in_cache,BOTH_MISS,3,True,"{""bm25"": 100, ""dense"": 100, ""hybrid"": 100}"
medicine_2960,Dạng bào chế của Cúc hoa là gì?,ctx_8593e06360f564c31a444246,doc_d94346b4a25264fb6dfccaa3,,,,neither_in_cache,BOTH_MISS,3,True,"{""bm25"": 100, ""dense"": 100, ""hybrid"": 100}"
medicine_9179,Bài thuốc từ Rau Khúc được đắp lên vị trí nào trên cơ thể để điều trị bệnh Gút?,ctx_8ace7c6abaae8266d25dacac,doc_69625f14d4903727c30adda6,64,,,bm25_only,BM25_ONLY_HIT,3,True,"{""bm25"": 100, ""dense"": 100, ""hybrid"": 100}"
medicine_973,Cây bạch đàn trắng thường được dùng làm thuốc gì?,ctx_33c973a4d58f575b6928211d,doc_8ec864e648337b40d5caa116,,,,neither_in_cache,BOTH_MISS,3,True,"{""bm25"": 100, ""dense"": 100, ""hybrid"": 100}"
medicine_11725,Liều lượng dùng Tri mẫu như thế nào?,ctx_0bdb3b582e439226c7bf1688,doc_b4da61367947dae100d08521,,,,neither_in_cache,BOTH_MISS,3,True,"{""bm25"": 100, ""dense"": 100, ""hybrid"": 100}"
medicine_12629,"Theo Y học hiện đại, tác dụng chính của dược liệu Vàng đắng là gì?",ctx_07d96e7c8364fc38a0233aaf,doc_c76e81398c20a85de4065336,,,,neither_in_cache,BOTH_MISS,3,True,"{""bm25"": 100, ""dense"": 100, ""hybrid"": 100}"
medicine_1258,Bổ cốt chỉ có tác dụng gì đối với tế bào ung thư?,ctx_80d4c7f17a726263eb6aacd2,doc_0d1f60c91e5891325279f5e6,,,,neither_in_cache,BOTH_MISS,3,True,"{""bm25"": 100, ""dense"": 100, ""hybrid"": 100}"
medicine_2785,"Khi dùng Cây xấu hổ trực tiếp bên ngoài, liều lượng cần lưu ý như thế nào?",ctx_52d455bcabd70b5438c737c9,doc_668850ad9c01e329ca20f8fb,,97,,dense_only,DENSE_ONLY_HIT,3,True,"{""bm25"": 100, ""dense"": 100, ""hybrid"": 100}"
medicine_10361,Lá của Tang bạch bì có đặc điểm gì?,ctx_1019a90a6b809761fd96aa8a,doc_842735fb70f4d86c48853ae7,,,,neither_in_cache,BOTH_MISS,3,True,"{""bm25"": 100, ""dense"": 100, ""hybrid"": 100}"
medicine_8566,Náng hoa trắng thường dùng để làm gì?,ctx_e9d8b481b36e3532dcc38d05,doc_7a52c612bbc325db3a9e14c5,,67,,dense_only,DENSE_ONLY_HIT,3,True,"{""bm25"": 100, ""dense"": 100, ""hybrid"": 100}"
medicine_7367,Ở đâu có thể bắt gặp cây Mơ tam thể mọc hoang?,ctx_763a3c0b4baa52af29d78979,doc_79eba5442701817766f40a98,95,,,bm25_only,BM25_ONLY_HIT,3,True,"{""bm25"": 100, ""dense"": 100, ""hybrid"": 100}"
medicine_7378,Liều dùng Mơ tam thể dạng thuốc sắc là bao nhiêu mỗi ngày?,ctx_105d0f2704aae36c97114d7a,doc_79eba5442701817766f40a98,,,,neither_in_cache,BOTH_MISS,3,True,"{""bm25"": 100, ""dense"": 100, ""hybrid"": 100}"
medicine_5805,Hạt hồng xiêm có tác dụng gì?,ctx_0d9f8b24d9ac2db007d45203,doc_e33710ce26ca4207c26615dc,,,,neither_in_cache,BOTH_MISS,3,True,"{""bm25"": 100, ""dense"": 100, ""hybrid"": 100}"
medicine_13129,Xạ đen cần được bảo quản trong môi trường như thế nào?,ctx_94bb066326a7b44194be56fe,doc_2404b0da3c8e0a22fa45d5fa,,68,,dense_only,DENSE_ONLY_HIT,3,True,"{""bm25"": 100, ""dense"": 100, ""hybrid"": 100}"
medicine_5947,Những dạng dùng nào có thể bào chế từ Khiếm thực?,ctx_a260598d20b5dffbaa4b041b,doc_d4d5033ef924dd8f2babcfce,,,,neither_in_cache,BOTH_MISS,3,True,"{""bm25"": 100, ""dense"": 100, ""hybrid"": 100}"
medicine_7208,"Sau khi thu hoạch mã đề, cần xử lý như thế nào trước khi sử dụng?",ctx_c926ae6f2f5fe385b40c2c41,doc_efb1c43712d3be8b0c0adbdf,,,,neither_in_cache,BOTH_MISS,3,True,"{""bm25"": 100, ""dense"": 100, ""hybrid"": 100}"
medicine_3781,"Sau khi thu hái, cây diếp cá được xử lý như thế nào trước khi sử dụng?",ctx_497097c391595288f045d5e5,doc_4f5ae4223ff5a4a3f5ab5d82,,,,neither_in_cache,BOTH_MISS,3,True,"{""bm25"": 100, ""dense"": 100, ""hybrid"": 100}"
medicine_10486,Thanh yên có công dụng gì?,ctx_0a10887e71d3ee2d33dd5a62,doc_725ce41404e2695db43d23bc,,,,neither_in_cache,BOTH_MISS,3,True,"{""bm25"": 100, ""dense"": 100, ""hybrid"": 100}"
medicine_13092,"Dấu hiệu cho thấy bài thuốc trị báng bụng, da đen sạm bằng Xạ can có hiệu quả là gì?",ctx_d0fe821fed231cba434fdfc0,doc_17f062000a102bc9f8da9e47,,67,,dense_only,DENSE_ONLY_HIT,3,True,"{""bm25"": 100, ""dense"": 100, ""hybrid"": 100}"
medicine_2299,"Ngoài rễ, Cây La rừng còn có bộ phận nào được dùng làm thuốc?",ctx_2ad08e024406b1403397c798,doc_c79f73cd60c0fe191b30e28a,,,,neither_in_cache,BOTH_MISS,3,True,"{""bm25"": 100, ""dense"": 100, ""hybrid"": 100}"
medicine_3710,Liều dùng của củ sen như thế nào?,ctx_bce4b77643c242d7cab7ee22,doc_52ae7704d6539728a10ecc6a,,,,neither_in_cache,BOTH_MISS,3,True,"{""bm25"": 100, ""dense"": 100, ""hybrid"": 100}"
medicine_10179,Từ đâu người ta biết được tác dụng của sơn tra?,ctx_c11cad35000b33d8161fbb93,doc_34e17e3cc8d6a6356518efc5,,,,neither_in_cache,BOTH_MISS,3,True,"{""bm25"": 100, ""dense"": 100, ""hybrid"": 100}"
medicine_801,Cách dùng đối với đơn thuốc kinh nghiệm với vị Bạch cập gồm những thao tác cụ thể nào?,ctx_4d489f162d3a87157830ff1b,doc_39c486dc6f226c004f085835,,,,neither_in_cache,BOTH_MISS,3,True,"{""bm25"": 100, ""dense"": 100, ""hybrid"": 100}"
medicine_1081,Bộ phận nào của cây Bầu đất được sử dụng làm thuốc?,ctx_92878147b9e33ee598a540e1,doc_d67a9c85cc0b310672cd74d8,,,,neither_in_cache,BOTH_MISS,3,True,"{""bm25"": 100, ""dense"": 100, ""hybrid"": 100}"
medicine_7436,"Trong bài thuốc, để chữa viêm họng, họng sưng đau thì cần dùng bộ phận nào của cây mướp hương?",ctx_27f91678cd4f2120238c49c7,doc_c7e110b3c57b3fb392501a50,,,,neither_in_cache,BOTH_MISS,3,True,"{""bm25"": 100, ""dense"": 100, ""hybrid"": 100}"
medicine_2430,Cây Móc có chiều cao trung bình là bao nhiêu?,ctx_562b0782c11dc8d343e2e957,doc_9886618051b28e1e7c13f243,,89,,dense_only,DENSE_ONLY_HIT,3,True,"{""bm25"": 100, ""dense"": 100, ""hybrid"": 100}"
medicine_2239,Liều lượng và thời gian sử dụng cây dung để trị rong kinh như thế nào?,ctx_c9cee1bd0466cda5b172f56f,doc_19569514e35af80ceadfef70,,,,neither_in_cache,BOTH_MISS,3,True,"{""bm25"": 100, ""dense"": 100, ""hybrid"": 100}"
medicine_4630,Những bộ phận nào của cây Găng tu hú được sử dụng làm thuốc?,ctx_b99bfb945904a3dc570dc214,doc_9c58bfdcb76917075fc1dc2c,,,,neither_in_cache,BOTH_MISS,3,True,"{""bm25"": 100, ""dense"": 100, ""hybrid"": 100}"
medicine_9191,Cách sử dụng Rau muống biển như thế nào?,ctx_ce1f3e0196f2fdfd7f9e9a86,doc_29e143e18b3f564f2eabb911,,,,neither_in_cache,BOTH_MISS,3,True,"{""bm25"": 100, ""dense"": 100, ""hybrid"": 100}"
medicine_12610,Nơi bảo quản Viễn chí là gì?,ctx_54c302e6fde9da0b236a340b,doc_204576399c354a8d4bfd62b4,,92,,dense_only,DENSE_ONLY_HIT,3,True,"{""bm25"": 100, ""dense"": 100, ""hybrid"": 100}"
medicine_13851,Những bệnh lý nào thường được điều trị bằng Đỗ trọng?,ctx_7e8033ea4f6af94045daf437,doc_b4b44cb98a276b7b01415087,,,,neither_in_cache,BOTH_MISS,3,True,"{""bm25"": 100, ""dense"": 100, ""hybrid"": 100}"
medicine_3219,"Bài thuốc trị ho gà, viêm phế quản sử dụng Cỏ Bạc đầu dưới dạng bào chế nào?",ctx_efa528360443df23d6107c9b,doc_a08f9d9db89eb1346f17e0b4,,,,neither_in_cache,BOTH_MISS,3,True,"{""bm25"": 100, ""dense"": 100, ""hybrid"": 100}"
medicine_5793,Lá cây hồng xiêm có hình dạng như thế nào?,ctx_8b9dda8f75924794e8dfdf2a,doc_e33710ce26ca4207c26615dc,,,,neither_in_cache,BOTH_MISS,3,True,"{""bm25"": 100, ""dense"": 100, ""hybrid"": 100}"
medicine_8836,Những vị thuốc nào trong bài thuốc có chứa Phèn chua?,ctx_68afe4f1d7f2558048995fc1,doc_eaf5150b648e7866a132fd21,,,,neither_in_cache,BOTH_MISS,3,True,"{""bm25"": 100, ""dense"": 100, ""hybrid"": 100}"
medicine_6950,Dược liệu lẻ bạn có khả năng sinh trường như thế nào?,ctx_53341ab11cce93984ba1eb73,doc_223d1d772fe40200a41a8fa7,,,,neither_in_cache,BOTH_MISS,3,True,"{""bm25"": 100, ""dense"": 100, ""hybrid"": 100}"
medicine_13344,"Cây nào kết hợp với Đa lông để trị đau đầu, viêm xoang mũi, ngứa mũi, chảy nước mũi?",ctx_0f555f7981aa051a5c36b1db,doc_166dba39029b35ca806bee4c,,52,,dense_only,DENSE_ONLY_HIT,3,True,"{""bm25"": 100, ""dense"": 100, ""hybrid"": 100}"
medicine_10727,Quá trình chế biến thông thảo bao gồm những bước chính nào?,ctx_e8be999553b238875bf41b61,doc_596875ebd6f5be8595b5abac,,69,,dense_only,DENSE_ONLY_HIT,3,True,"{""bm25"": 100, ""dense"": 100, ""hybrid"": 100}"
medicine_10133,Sơn thù du ra hoa vào mùa nào?,ctx_ec56ed18c49fc10477c771a7,doc_c98fe03ec8662dad391d00c8,,,,neither_in_cache,BOTH_MISS,3,True,"{""bm25"": 100, ""dense"": 100, ""hybrid"": 100}"
medicine_2226,Cách dùng Cây cứt lợn như thế nào?,ctx_7e80409ce00cc4361f430540,doc_f296a07da03b83ad7350dae8,,,,neither_in_cache,BOTH_MISS,3,True,"{""bm25"": 100, ""dense"": 100, ""hybrid"": 100}"
medicine_10861,Thương truật được sử dụng để hỗ trợ điều trị những triệu chứng nào?,ctx_e6311bea1d6d5ad45c5eed97,doc_6237fa42b7c782ff11c08b02,,,,neither_in_cache,BOTH_MISS,3,True,"{""bm25"": 100, ""dense"": 100, ""hybrid"": 100}"
medicine_5000,Nêu 3 công dụng của Hoàng nàn theo Y học cổ truyền?,ctx_ea72e85c78f00a1ee5f39bcb,doc_6652c6e678e9bb135ba588dd,,,,neither_in_cache,BOTH_MISS,3,True,"{""bm25"": 100, ""dense"": 100, ""hybrid"": 100}"
medicine_7759,"Ở cây mộc hoa trắng, hạt có đặc điểm như thế nào?",ctx_daaeb5a6acf5e2e702ca32fc,doc_7338cff072417c864ceefa18,,,,neither_in_cache,BOTH_MISS,3,True,"{""bm25"": 100, ""dense"": 100, ""hybrid"": 100}"
medicine_8924,Bài thuốc Phật thủ có tác dụng gì?,ctx_61b4029fa6f4e02cdf54147b,doc_d98295cd7f72cd2b603bab37,,,,neither_in_cache,BOTH_MISS,3,True,"{""bm25"": 100, ""dense"": 100, ""hybrid"": 100}"
medicine_1591,Khi nào là thời điểm thích hợp nhất để thu hái dược liệu chìa vôi?,ctx_c7e10866f300d4c96ad7d893,doc_00340990486d9e47fcf324f9,,,,neither_in_cache,BOTH_MISS,3,True,"{""bm25"": 100, ""dense"": 100, ""hybrid"": 100}"
medicine_442,Thành phần hóa học chính trong vỏ thân và rễ Bình bát là gì?,ctx_8c969fb01f061c96a1e278d1,doc_79c9a2e06fe1d544c0fdaefc,,,,neither_in_cache,BOTH_MISS,3,True,"{""bm25"": 100, ""dense"": 100, ""hybrid"": 100}"
medicine_5096,Nên tránh điều gì khi bảo quản Hoắc hương?,ctx_e378243494f096d1509b5501,doc_56aa61b96e5a46b4580bb440,,,,neither_in_cache,BOTH_MISS,3,True,"{""bm25"": 100, ""dense"": 100, ""hybrid"": 100}"
medicine_2412,Lá cây muối có hình dạng như thế nào?,ctx_aaff4c6a874d27b562f565b0,doc_89fa7b3b27adc574c912b633,,,,neither_in_cache,BOTH_MISS,3,True,"{""bm25"": 100, ""dense"": 100, ""hybrid"": 100}"
medicine_901,Bạch mao căn có ảnh hưởng thế nào đến hệ miễn dịch?,ctx_a9cda97a0f4e32c5e3792dd8,doc_dac86020215a4b520188d68b,,,,neither_in_cache,BOTH_MISS,3,True,"{""bm25"": 100, ""dense"": 100, ""hybrid"": 100}"
medicine_6897,Liều dùng của cây lưỡi rắn thường là bao nhiêu gram một ngày?,ctx_2aa3a3c5cb414ff8fb222e49,doc_28c957f5386785463d039c4d,,57,,dense_only,DENSE_ONLY_HIT,3,True,"{""bm25"": 100, ""dense"": 100, ""hybrid"": 100}"
medicine_948,Những thành phần hóa học chính có trong Bạch tật lê là gì?,ctx_b8b5773e3a564e0b29f032ae,doc_ffb4ca59d42b7991d980ce1c,,58,,dense_only,DENSE_ONLY_HIT,3,True,"{""bm25"": 100, ""dense"": 100, ""hybrid"": 100}"
medicine_8591,Đâu là những thành phần của Núc nác được sử dụng để chữa bệnh?,ctx_b7aa0ba6883dc33336916b6f,doc_c46c09397fa05ceffb10b972,,,,neither_in_cache,BOTH_MISS,3,True,"{""bm25"": 100, ""dense"": 100, ""hybrid"": 100}"
medicine_8923,Nấu làm sao để dùng bài thuốc Phật thủ chữa các bệnh đường tiêu hóa?,ctx_61b4029fa6f4e02cdf54147b,doc_d98295cd7f72cd2b603bab37,,,,neither_in_cache,BOTH_MISS,3,True,"{""bm25"": 100, ""dense"": 100, ""hybrid"": 100}"
medicine_6190,Mô tả hình dạng và màu sắc của lá cây kim thất tai?,ctx_401c17d97a55bccbdd42811c,doc_8ad625e23a90fc339a92106e,,,,neither_in_cache,BOTH_MISS,3,True,"{""bm25"": 100, ""dense"": 100, ""hybrid"": 100}"
medicine_5178,Huyết rồng có thể sử dụng ở dạng nào?,ctx_873ea128faa2f293ac87a947,doc_706ead5ceb22eae08aba93b8,,,,neither_in_cache,BOTH_MISS,3,True,"{""bm25"": 100, ""dense"": 100, ""hybrid"": 100}"
medicine_12627,"Theo Y học hiện đại, dược liệu vàng đắng có tác dụng diệt gì?",ctx_a3a0e7b8b06efa5f06676989,doc_c76e81398c20a85de4065336,,,,neither_in_cache,BOTH_MISS,3,True,"{""bm25"": 100, ""dense"": 100, ""hybrid"": 100}"
body-part_2218,Bệnh nào phổ biến liên quan đến triệu chứng này?,ctx_31346b36f7e83312af0960d2,doc_b6c97fd9fa411f3a4b3e1b63,,,,neither_in_cache,BOTH_MISS,0,True,"{""bm25"": 100, ""dense"": 100, ""hybrid"": 100}"
disease_2673,"Trong số các triệu chứng được kể đến, triệu chứng nào không gây trở ngại cho khả năng vận động?",ctx_b01c1b1c8203c96250b7c45b,doc_2b03cbbc5599a334f9836903,,59,,dense_only,DENSE_ONLY_HIT,1,True,"{""bm25"": 100, ""dense"": 100, ""hybrid"": 100}"
disease_149,Bệnh Burnout khác với trạng thái kiệt sức thông thường như thế nào?,ctx_6431cbf6458db6dd36fc150d,doc_bc3e0423580404eb4fd9937f,,,,neither_in_cache,BOTH_MISS,1,True,"{""bm25"": 100, ""dense"": 100, ""hybrid"": 100}"
disease_1484,Nêu một số vị trí bị bệnh cước?,ctx_712869523b48ec8b39fd186e,doc_00dad9d2149473397a948642,79,,,bm25_only,BM25_ONLY_HIT,1,True,"{""bm25"": 100, ""dense"": 100, ""hybrid"": 100}"
disease_9808,Những loại thuốc nào thường được sử dụng để điều trị trật khớp háng?,ctx_6217b60f7f4dbf6eb71cd22b,doc_b44957f3182bd1777ad1a79d,,,,neither_in_cache,BOTH_MISS,1,True,"{""bm25"": 100, ""dense"": 100, ""hybrid"": 100}"
disease_11288,Ung thư hậu môn được điều trị bằng các phương pháp nào?,ctx_c22cccc9a891c0d9fced24cf,doc_f8285dc14f4e2965d7ecb72d,,,,neither_in_cache,BOTH_MISS,1,True,"{""bm25"": 100, ""dense"": 100, ""hybrid"": 100}"
disease_2671,Thay đổi hành vi ở những người mắc bệnh Huntington có thể biểu hiện như thế nào?,ctx_2bcdbfeb1088e9460781f990,doc_2b03cbbc5599a334f9836903,,,,neither_in_cache,BOTH_MISS,1,True,"{""bm25"": 100, ""dense"": 100, ""hybrid"": 100}"
disease_10809,Mục đích của việc gặp bác sĩ khi mắc bệnh u não là gì?,ctx_43a4139bce98fa5d09065b8a,doc_d9249ee15e0a950293ce6719,,,,neither_in_cache,BOTH_MISS,1,True,"{""bm25"": 100, ""dense"": 100, ""hybrid"": 100}"
disease_1795,"Trong thể hung dữ của bệnh dại, những triệu chứng thường gặp là gì?",ctx_a658630755ae4860d5bdbb4e,doc_76bb3bff817f7124dc0e9ab0,,,,neither_in_cache,BOTH_MISS,1,True,"{""bm25"": 100, ""dense"": 100, ""hybrid"": 100}"
disease_6088,Đau nhức ở đâu là triệu chứng của bệnh phong thấp?,ctx_5419381b961591e2cb4f19ed,doc_9ed81383ed82bb73b9b53954,,65,,dense_only,DENSE_ONLY_HIT,1,True,"{""bm25"": 100, ""dense"": 100, ""hybrid"": 100}"
disease_15030,Khi nào mẹ bầu nên đi khám ngay?,ctx_9c955773db91b03d796e8df0,doc_0e9cae6f0668034245d9c527,,,,neither_in_cache,BOTH_MISS,1,True,"{""bm25"": 100, ""dense"": 100, ""hybrid"": 100}"
disease_3721,"Ngoài tăng cân, hội chứng thận hư còn có biểu hiện nào khác?",ctx_8b253236bb21002747de8df7,doc_ff6341e5efa0e9887a20a409,,,,neither_in_cache,BOTH_MISS,1,True,"{""bm25"": 100, ""dense"": 100, ""hybrid"": 100}"
disease_3076,Xét nghiệm chẩn đoán ban đầu của hội chứng Carcinoid là gì?,ctx_fc0a4c917cd626ae8f8752f7,doc_2917f3a974e3cf7b22bf6d3d,60,,,bm25_only,BM25_ONLY_HIT,1,True,"{""bm25"": 100, ""dense"": 100, ""hybrid"": 100}"
disease_7280,Cơ thể bị táo bón có thể liên quan đến tình trạng sức khỏe nào?,ctx_e5cadc5bf37343c9ee4487ed,doc_fccf06778643d6ed05e5775c,,90,,dense_only,DENSE_ONLY_HIT,1,True,"{""bm25"": 100, ""dense"": 100, ""hybrid"": 100}"
disease_8630,Khi nào cần đi khám ngay?,ctx_d9b0d052f1a2cfd642999aa3,doc_3e4a879032b9bf5a7dd68289,,,,neither_in_cache,BOTH_MISS,1,True,"{""bm25"": 100, ""dense"": 100, ""hybrid"": 100}"
disease_891,Nguyên nhân chính gây bệnh thận mạn là gì?,ctx_8ff18108f7bcf863eb1b8a99,doc_be8fd6e59aa484e38f4f0694,,85,,dense_only,DENSE_ONLY_HIT,1,True,"{""bm25"": 100, ""dense"": 100, ""hybrid"": 100}"
disease_3114,Mục đích của việc xét nghiệm máu trong chẩn đoán bệnh Churg-Strauss là gì?,ctx_ecf366427652e161af4f11ef,doc_8a8f687c5ba415d0518fb23b,,66,,dense_only,DENSE_ONLY_HIT,1,True,"{""bm25"": 100, ""dense"": 100, ""hybrid"": 100}"
disease_2894,Sau khi sử dụng các thứ trên thì làm gì thêm?,ctx_f1ed093ef06221d014e07d70,doc_6487b177066ecc38c63f284a,,,,neither_in_cache,BOTH_MISS,1,True,"{""bm25"": 100, ""dense"": 100, ""hybrid"": 100}"
disease_9179,Nguyên nhân gây ra tinh trùng loãng là gì?,ctx_826dba7e3a1a877f21c1e8a8,doc_31975eb11adc81cc5bcc363c,,67,,dense_only,DENSE_ONLY_HIT,1,True,"{""bm25"": 100, ""dense"": 100, ""hybrid"": 100}"
disease_7849,Những bệnh lý nào tại tuyến yên có thể gây ra suy giảm tuyến thượng thận thứ phát?,ctx_dc23596fc2b0c5bde419e898,doc_b3088ef282f68ab8ac7250eb,,,,neither_in_cache,BOTH_MISS,1,True,"{""bm25"": 100, ""dense"": 100, ""hybrid"": 100}"
disease_14752,"Khi lựa chọn sử dụng tinh dầu, tôi cần phải lưu ý những điều gì?",ctx_81d6bcdcaf4d671e6c98786e,doc_407d9915d3b25fc6b22fe731,,,,neither_in_cache,BOTH_MISS,1,True,"{""bm25"": 100, ""dense"": 100, ""hybrid"": 100}"
disease_5626,Tại sao cần rửa tay thường xuyên để phòng ngừa bệnh nấm da đầu?,ctx_7a750b13c726db47842fd8ac,doc_172bbf15e0965738de4ab580,,,,neither_in_cache,BOTH_MISS,1,True,"{""bm25"": 100, ""dense"": 100, ""hybrid"": 100}"
disease_2715,Bệnh huyết khối tĩnh mạch do ứ trệ tuần hoàn hình thành như thế nào?,ctx_77afaa559bd0ce4ffdd09204,doc_28cf0328537d4c4ffe73934c,,,,neither_in_cache,BOTH_MISS,1,True,"{""bm25"": 100, ""dense"": 100, ""hybrid"": 100}"
disease_7807,Triệu chứng tâm thần có thể xuất hiện trong trường hợp phì đại thất phải như thế nào?,ctx_6f895f86f3f8f9e55cefec25,doc_b4aab28519a732d10f6bd830,,,,neither_in_cache,BOTH_MISS,1,True,"{""bm25"": 100, ""dense"": 100, ""hybrid"": 100}"
disease_1371,Tại sao bệnh Crohn có thể gây ra suy dinh dưỡng?,ctx_fe2a3e8cb7d5a3747e93ba2d,doc_f1c2187eb1f51f124a9ec0cf,,,,neither_in_cache,BOTH_MISS,1,True,"{""bm25"": 100, ""dense"": 100, ""hybrid"": 100}"
disease_4349,Nỗi đau ở người bệnh Lupus ban đỏ ở mức độ nào?,ctx_34250e5ab5be85c46c0a9360,doc_7c66d2d3a0e59b08fcf1632e,,,,neither_in_cache,BOTH_MISS,1,True,"{""bm25"": 100, ""dense"": 100, ""hybrid"": 100}"
disease_7672,Bất thường tại khớp là biến chứng thường gặp của suy thận mạn tính giai đoạn cuối hay không?,ctx_87e546de53a42b4cd08d13d2,doc_c5d62e4e8581114961988462,,,,neither_in_cache,BOTH_MISS,1,True,"{""bm25"": 100, ""dense"": 100, ""hybrid"": 100}"
disease_10993,"Trong phương pháp điều trị bằng thuốc, bệnh nhân cần lưu ý điều gì?",ctx_52db7856e22c56020b8615ed,doc_1bfd9ae7fe46fa30d976494a,56,,,bm25_only,BM25_ONLY_HIT,1,True,"{""bm25"": 100, ""dense"": 100, ""hybrid"": 100}"
disease_11379,EPP là dạng phẫu thuật ra sao?,ctx_801977f8b771d86d13e39a43,doc_9823be295246204226e9b591,,54,,dense_only,DENSE_ONLY_HIT,1,True,"{""bm25"": 100, ""dense"": 100, ""hybrid"": 100}"
disease_7645,Tình trạng ứ nước có thể dẫn đến những vấn đề gì?,ctx_6588f87d46825cb8e5978fb6,doc_9f4f10e977078872f98d2064,60,,,bm25_only,BM25_ONLY_HIT,1,True,"{""bm25"": 100, ""dense"": 100, ""hybrid"": 100}"
disease_10762,Trẻ bị u nguyên bào thận có thể gặp vấn đề gì ở hệ hô hấp?,ctx_13d9660c83eb86c7af9670eb,doc_cd50afd6de3a505734af2728,,,,neither_in_cache,BOTH_MISS,1,True,"{""bm25"": 100, ""dense"": 100, ""hybrid"": 100}"
disease_13840,Một số hoạt động nào dẫn đến nguy cơ mắc phải viêm mào tinh cấp?,ctx_3d2fac1a9821df4e1edc1f49,doc_8adff1aec77eebe98f0a6438,,,,neither_in_cache,BOTH_MISS,1,True,"{""bm25"": 100, ""dense"": 100, ""hybrid"": 100}"
disease_3816,Tuổi tác nào có nguy cơ mắc khó tiêu chức năng cao hơn?,ctx_0b5c830ac77039e5b61ad333,doc_78f84afe401e68b4a9a9be5c,,,,neither_in_cache,BOTH_MISS,1,True,"{""bm25"": 100, ""dense"": 100, ""hybrid"": 100}"
disease_7131,Trong trường hợp nào thì không nên sử dụng thuốc uống để điều trị bệnh chóng mặt tư thế kịch phát lành tính?,ctx_050d833e53a7261bb64cc76c,doc_d75fcc433a91c558184282c7,,59,,dense_only,DENSE_ONLY_HIT,1,True,"{""bm25"": 100, ""dense"": 100, ""hybrid"": 100}"
disease_12643,Vi khuẩn và vi-rút gây viêm dạ dày ruột cấp lây từ đâu?,ctx_8d60abf3e57481cfcf44ef39,doc_db78720b5ec19eb6d3e5edf8,,,,neither_in_cache,BOTH_MISS,1,True,"{""bm25"": 100, ""dense"": 100, ""hybrid"": 100}"
